<?xml version="1.0" encoding="UTF-8"?>
<project-private xmlns="http://www.netbeans.org/ns/project-private/1">
    <editor-bookmarks xmlns="http://www.netbeans.org/ns/editor-bookmarks/2" lastBookmarkId="0"/>
    <open-files xmlns="http://www.netbeans.org/ns/projectui-open-files/2">
        <group name="BookChapters"/>
        <group name="CSS490Shared">
            <file>file:/C:/Users/ksungAD/Dropbox/2.Classes/490/CSS490Shared/Source/MPSolutions/MP5-KelvinSolution/public_html/index.html</file>
        </group>
        <group>
            <file>file:/Users/varadantirumala/Documents/CSS4902D/RaghuTirumalaMp6/public_html/src/Engine/GameObjects/GameObject.js</file>
            <file>file:/Users/varadantirumala/Documents/CSS4902D/RaghuTirumalaMp6/public_html/src/Engine/RigidShapes/CollisionInfo.js</file>
            <file>file:/Users/varadantirumala/Documents/CSS4902D/RaghuTirumalaMp6/public_html/src/MyGame/MyGame.js</file>
            <file>file:/Users/varadantirumala/Documents/CSS4902D/RaghuTirumalaMp6/public_html/src/Engine/RigidShapes/RigidCircle.js</file>
            <file>file:/Users/varadantirumala/Documents/CSS4902D/RaghuTirumalaMp6/public_html/src/lib/gl-matrix.js</file>
            <file>file:/Users/varadantirumala/Documents/CSS4902D/RaghuTirumalaMp6/public_html/src/Engine/RigidShapes/RigidRectangle.js</file>
            <file>file:/Users/varadantirumala/Documents/CSS4902D/RaghuTirumalaMp6/public_html/src/Engine/RigidShapes/RigidShape.js</file>
        </group>
    </open-files>
</project-private>
