<?xml version="1.0" encoding="UTF-8"?>
<project-private xmlns="http://www.netbeans.org/ns/project-private/1">
    <editor-bookmarks xmlns="http://www.netbeans.org/ns/editor-bookmarks/2" lastBookmarkId="0"/>
    <open-files xmlns="http://www.netbeans.org/ns/projectui-open-files/2">
        <group>
            <file>file:/Users/varadantirumala/Documents/CSS4902D/RaghuTirumalaMp5/public_html/src/Engine/Utils/RigidBody/RigidShape.js</file>
            <file>file:/Users/varadantirumala/Documents/CSS4902D/RaghuTirumalaMp5/public_html/src/Engine/Renderables/Renderable.js</file>
            <file>file:/Users/varadantirumala/Documents/CSS4902D/RaghuTirumalaMp5/public_html/src/Engine/Utils/RigidBody/Rectangle.js</file>
            <file>file:/Users/varadantirumala/Documents/CSS4902D/RaghuTirumalaMp5/public_html/src/Engine/GameObjects/GameObject.js</file>
            <file>file:/Users/varadantirumala/Documents/CSS4902D/RaghuTirumalaMp5/public_html/src/MyGame/MyGame.js</file>
        </group>
    </open-files>
</project-private>
