<?xml version="1.0" encoding="UTF-8"?>
<project-private xmlns="http://www.netbeans.org/ns/project-private/1">
    <editor-bookmarks xmlns="http://www.netbeans.org/ns/editor-bookmarks/2" lastBookmarkId="0"/>
    <open-files xmlns="http://www.netbeans.org/ns/projectui-open-files/2">
        <group>
            <file>file:/C:/Users/Raghu/Documents/2DGameEngineDevClass/CSS4902D/RaghuTirumalaMp3/public_html/src/Engine/Camera.js</file>
            <file>file:/C:/Users/Raghu/Documents/2DGameEngineDevClass/CSS4902D/RaghuTirumalaMp3/public_html/src/MyGame/AnimationView.js</file>
            <file>file:/C:/Users/Raghu/Documents/2DGameEngineDevClass/CSS4902D/RaghuTirumalaMp3/public_html/src/Engine/Renderables/SpriteAnimateRenderable.js</file>
            <file>file:/C:/Users/Raghu/Documents/2DGameEngineDevClass/CSS4902D/RaghuTirumalaMp3/public_html/src/MyGame/SpriteSource.js</file>
            <file>file:/C:/Users/Raghu/Documents/2DGameEngineDevClass/CSS4902D/RaghuTirumalaMp3/public_html/src/MyGame/MyGame.js</file>
            <file>file:/C:/Users/Raghu/Documents/2DGameEngineDevClass/CSS4902D/RaghuTirumalaMp3/public_html/src/MyGame/InteractiveBound.js</file>
            <file>file:/C:/Users/Raghu/Documents/2DGameEngineDevClass/CSS4902D/RaghuTirumalaMp3/public_html/src/Engine/Scene.js</file>
            <file>file:/C:/Users/Raghu/Documents/2DGameEngineDevClass/CSS4902D/RaghuTirumalaMp3/public_html/index.html</file>
        </group>
    </open-files>
</project-private>
