<?xml version="1.0" encoding="UTF-8"?>
<project-private xmlns="http://www.netbeans.org/ns/project-private/1">
    <editor-bookmarks xmlns="http://www.netbeans.org/ns/editor-bookmarks/2" lastBookmarkId="0"/>
    <open-files xmlns="http://www.netbeans.org/ns/projectui-open-files/2">
        <group>
            <file>file:/C:/Users/Raghu/Documents/2DGameEngineDevClass/CSS4902D/RaghuTirumalaMp2/public_html/src/Engine/Camera.js</file>
            <file>file:/C:/Users/Raghu/Documents/2DGameEngineDevClass/CSS4902D/RaghuTirumalaMp2/public_html/src/Engine/Core/Engine_Input.js</file>
            <file>file:/C:/Users/Raghu/Documents/2DGameEngineDevClass/CSS4902D/RaghuTirumalaMp2/public_html/assets/BlueLevel.xml</file>
            <file>file:/C:/Users/Raghu/Documents/2DGameEngineDevClass/CSS4902D/RaghuTirumalaMp2/public_html/src/Engine/Core/Resources/Engine_ResourceMap.js</file>
            <file>file:/C:/Users/Raghu/Documents/2DGameEngineDevClass/CSS4902D/RaghuTirumalaMp2/public_html/src/Engine/Transform.js</file>
            <file>file:/C:/Users/Raghu/Documents/2DGameEngineDevClass/CSS4902D/RaghuTirumalaMp2/public_html/src/MyGame/MyGame.js</file>
            <file>file:/C:/Users/Raghu/Documents/2DGameEngineDevClass/CSS4902D/RaghuTirumalaMp2/public_html/index.html</file>
            <file>file:/C:/Users/Raghu/Documents/2DGameEngineDevClass/CSS4902D/RaghuTirumalaMp2/public_html/assets/GrayScene.json</file>
            <file>file:/C:/Users/Raghu/Documents/2DGameEngineDevClass/CSS4902D/RaghuTirumalaMp2/public_html/src/Engine/Renderable.js</file>
            <file>file:/C:/Users/Raghu/Documents/2DGameEngineDevClass/CSS4902D/RaghuTirumalaMp2/public_html/src/MyGame/BlueLevel.js</file>
            <file>file:/C:/Users/Raghu/Documents/2DGameEngineDevClass/CSS4902D/RaghuTirumalaMp2/public_html/src/MyGame/Util/SceneFileParser.js</file>
        </group>
    </open-files>
</project-private>
